{
    "left_camera": {
        "idx": 0,
        "fpx": 3786.9727774054504,
        "center": [
            748.8217697143555,
            501.04576873779297
        ],
        "resolution": [
            3840,
            1080
        ],
        "fps": 60
    },
    "right_camera": {
        "idx": 0,
        "fpx": 3786.9727774054504,
        "center": [
            748.8217697143555,
            501.04576873779297
        ],
        "resolution": [
            3840,
            1080
        ],
        "fps": 60
    },
    "separation": 5.8,
    "stereo_map_file": "./dataset_generation/stereoMap.xml",
    "depth_to_pixel_size": 0.001315666666666666,
    "show_images": true,
    "save_images": false,
    "save_path": "./videos/"
}