{
    "left_camera": {
        "idx": 0,
        "fpx": 3098.3472392388794,
        "center": [
            777.6339950561523,
            539.533634185791
        ],
        "resolution": [
            3840,
            1080
        ],
        "fps": 60
    },
    "right_camera": {
        "idx": 0,
        "fpx": 3098.3472392388794,
        "center": [
            777.6339950561523,
            539.533634185791
        ],
        "resolution": [
            3840,
            1080
        ],
        "fps": 60
    },
    "separation": 5.8,
    "stereo_map_file": "./dataset_generation/stereoMap.xml",
    "depth_to_pixel_size": 0.001315666666666666,
    "show_images": true,
    "save_images": false,
    "save_path": "./videos/"
}