{
    "left_camera": {
        "idx": 0,
        "fpx": 5411.047206352786,
        "center": [
            1427.7872581481934,
            615.9180221557617
        ],
        "resolution": [
            3840,
            1080
        ],
        "fps": 60
    },
    "right_camera": {
        "idx": 0,
        "fpx": 5411.047206352786,
        "center": [
            1427.7872581481934,
            615.9180221557617
        ],
        "resolution": [
            3840,
            1080
        ],
        "fps": 60
    },
    "separation": 5.8,
    "stereo_map_file": "./dataset_generation/stereoMap.xml",
    "depth_to_pixel_size": 0.001315666666666666,
    "show_images": true,
    "save_images": false,
    "save_path": "./videos/"
}