{
    "left_camera": {
        "idx": 0,
        "fpx": 5545.18277175335,
        "center": [
            1673.017915725708,
            537.34130859375
        ],
        "resolution": [
            3840,
            1080
        ],
        "fps": 60
    },
    "right_camera": {
        "idx": 0,
        "fpx": 5545.18277175335,
        "center": [
            1673.017915725708,
            537.34130859375
        ],
        "resolution": [
            3840,
            1080
        ],
        "fps": 60
    },
    "separation": 5.8,
    "stereo_map_file": "./dataset_generation/stereoMap.xml",
    "depth_to_pixel_size": 0.001315666666666666,
    "show_images": true,
    "save_images": false,
    "save_path": "./videos/"
}