{
    "left_camera": {
        "idx": 0,
        "fpx": 3791.201079818334,
        "center": [
            747.6200561523438,
            500.80809020996094
        ],
        "resolution": [
            3840,
            1080
        ],
        "fps": 60
    },
    "right_camera": {
        "idx": 0,
        "fpx": 3791.201079818334,
        "center": [
            747.6200561523438,
            500.80809020996094
        ],
        "resolution": [
            3840,
            1080
        ],
        "fps": 60
    },
    "separation": 5.8,
    "stereo_map_file": "./dataset_generation/stereoMap.xml",
    "depth_to_pixel_size": 0.001315666666666666,
    "show_images": true,
    "save_images": false,
    "save_path": "./videos/"
}