{
    "left_camera": {
        "idx": 0,
        "fpx": 4491.233324904902,
        "center": [
            914.4276428222656,
            532.6548118591309
        ],
        "resolution": [
            3840,
            1080
        ],
        "fps": 60
    },
    "right_camera": {
        "idx": 0,
        "fpx": 4491.233324904902,
        "center": [
            914.4276428222656,
            532.6548118591309
        ],
        "resolution": [
            3840,
            1080
        ],
        "fps": 60
    },
    "separation": 5.8,
    "stereo_map_file": "./dataset_generation/stereoMap.xml",
    "depth_to_pixel_size": 0.001315666666666666,
    "show_images": true,
    "save_images": false,
    "save_path": "./videos/"
}